circulating,supply,lockedAmount,veSbrSupply
446268908.76302,446453249.575459,184340.812439,0.03283260382122019